name,lat,lng
北京,39.9042,116.4074
上海,31.2304,121.4737
广州,23.1291,113.2644
深圳,22.5431,114.0579
成都,30.5723,104.0668
重庆,29.5630,106.5516
杭州,30.2741,120.1551
南京,32.0603,118.7969
武汉,30.5928,114.3055
西安,34.3416,108.9398
长沙,28.2282,112.9388
郑州,34.7466,113.6254
济南,36.6512,117.1201
青岛,36.0671,120.3826
沈阳,41.8057,123.4315
大连,38.9140,121.6147
哈尔滨,45.8038,126.5349
长春,43.8171,125.3235
石家庄,38.0428,114.5149
太原,37.8706,112.5489
呼和浩特,40.8424,111.7490
天津,39.3434,117.3616
兰州,36.0611,103.8343
西宁,36.6171,101.7782
银川,38.4872,106.2309
乌鲁木齐,43.8256,87.6168
拉萨,29.6520,91.1721
昆明,24.8801,102.8329
贵阳,26.6470,106.6302
南宁,22.8170,108.3665
海口,20.0444,110.1999
福州,26.0745,119.2965
厦门,24.4798,118.0894
南昌,28.6820,115.8579
合肥,31.8206,117.2272
苏州,31.2989,120.5853
无锡,31.4912,120.3119
宁波,29.8683,121.5440
珠海,22.2710,113.5767
佛山,23.0218,113.1219
东莞,23.0207,113.7518
三亚,18.2528,109.5119
桂林,25.2736,110.2900
张家界,29.1290,110.4744
大理,25.6065,100.2670
丽江,26.8721,100.2299
遵义,27.7257,106.9278
绵阳,31.4675,104.6796
洛阳,34.6197,112.4540